pool,field0_hex,candidate_rank,xml_tag,files_tested,both_nonzero,nonzero_exact,all_file_exact_rate,pearson,score
details,0x03ef,1,acciAlter,1440,16,12,0.9917,0.958678,2.550344
details,0x03ef,2,articAssign,1440,10,2,0.8583,0.469438,1.427771
details,0x03ef,3,stemAdjust,1440,12,4,0.9000,0.298153,1.398153
details,0x03f0,1,entrySize,1440,8,8,1.0000,1.000000,2.400000
details,0x03f0,2,perfData,1440,8,0,0.8875,0.838696,1.726196
details,0x03f0,3,tupletDef,1440,8,0,0.8708,0.496716,1.367550
details,0x03f1,1,articAssign,1440,192,161,0.9750,0.897395,2.872395
details,0x03f1,2,baselinesFingerboards,1440,187,12,0.7278,0.227809,1.555587
details,0x03f1,3,shapeNoteStyle,1440,193,50,0.3431,0.056957,1.400013
details,0x03f2,1,baselinesChords,1440,1440,1440,1.0000,1.000000,3.000000
details,0x03f2,2,baselinesExprBelowStaff,1440,1440,1430,0.9931,0.406826,2.399882
details,0x03f2,3,baselinesExprAboveStaff,1440,1440,1428,0.9917,0.000000,1.991667
details,0x03f3,1,baselinesExprAboveStaff,1440,1440,1440,1.0000,0.000000,2.000000
details,0x03f3,2,baselinesExprBelowStaff,1440,1440,1438,0.9986,0.000000,1.998611
details,0x03f3,3,baselinesChords,1440,1440,1428,0.9917,0.000000,1.991667
details,0x03f4,1,baselinesExprBelowStaff,1440,1440,1440,1.0000,1.000000,3.000000
details,0x03f4,2,baselinesChords,1440,1440,1430,0.9931,0.406826,2.399882
details,0x03f4,3,baselinesExprAboveStaff,1440,1440,1438,0.9986,0.000000,1.998611
details,0x03f5,1,baselinesFingerboards,1440,394,394,1.0000,1.000000,3.000000
details,0x03f5,2,beamAltPrimUpStem,1440,210,38,0.7444,0.393770,2.138215
details,0x03f5,3,staffGroup,1440,156,142,0.6403,0.105172,1.745450
details,0x03f6,1,baselinesExprAboveStaff,1440,1440,1440,1.0000,0.000000,2.000000
details,0x03f6,2,baselinesExprBelowStaff,1440,1440,1438,0.9986,0.000000,1.998611
details,0x03f6,3,baselinesChords,1440,1440,1428,0.9917,0.000000,1.991667
details,0x03f7,1,baselinesExprAboveStaff,1440,1440,1440,1.0000,0.000000,2.000000
details,0x03f7,2,baselinesExprBelowStaff,1440,1440,1438,0.9986,0.000000,1.998611
details,0x03f7,3,baselinesChords,1440,1440,1428,0.9917,0.000000,1.991667
details,0x03f8,1,baselinesExprAboveStaff,1440,1440,1436,0.9972,0.000000,1.997222
details,0x03f8,2,baselinesExprBelowStaff,1440,1440,1434,0.9958,-0.001968,1.993865
details,0x03f8,3,baselinesChords,1440,1440,1424,0.9889,-0.004838,1.984051
details,0x03fd,1,beamExtendDownStem,1440,4,4,1.0000,1.000000,2.200000
details,0x03fd,2,shapeNote,1440,4,4,0.1986,0.026045,0.424656
details,0x03fd,3,baselinesExprAboveStaff,1440,4,4,0.0028,0.000000,0.202778
details,0x0401,1,beamAltPrimDownStem,1440,158,144,0.9875,0.998944,2.986444
details,0x0401,2,beamAltPrimUpStem,1440,154,0,0.8403,0.822574,1.662852
details,0x0401,3,stemAdjust,1440,122,2,0.8792,0.356853,1.336020
details,0x0402,1,beamAltPrimUpStem,1440,222,192,0.9722,0.974154,2.946376
details,0x0402,2,baselinesFingerboards,1440,220,36,0.7431,0.424930,2.167985
details,0x0402,3,beamAltPrimDownStem,1440,154,0,0.8361,0.782471,1.618582
details,0x0403,1,beamAltSecDownStem,1440,4,4,1.0000,1.000000,2.200000
details,0x0403,2,beamAltSecUpStem,1440,4,0,0.9972,1.000000,1.997222
details,0x0403,3,noteAlter,1440,4,0,0.9097,0.590222,1.499945
details,0x0404,1,beamAltSecUpStem,1440,4,4,1.0000,1.000000,2.200000
details,0x0404,2,beamAltSecDownStem,1440,4,0,0.9972,1.000000,1.997222
details,0x0404,3,noteAlter,1440,4,0,0.9097,0.590222,1.499945
details,0x0406,1,centerShape,1440,142,140,0.9986,0.999832,2.998443
details,0x0406,2,smartShapeEntryMark,1440,106,16,0.6694,0.154243,1.623687
details,0x0406,3,articAssign,1440,90,10,0.8375,0.019007,1.356507
details,0x040a,1,crossChord,1440,406,0,0.7181,1.000000,1.718056
details,0x040a,2,baselinesFingerboards,1440,394,0,0.7181,0.979444,1.697499
details,0x040a,3,beamAltPrimUpStem,1440,214,6,0.7167,0.410181,1.426847
details,0x040c,1,crossStaff,1440,8,4,0.9972,0.999806,2.197028
details,0x040c,2,stemAdjust,1440,8,0,0.9056,0.680069,1.585625
details,0x040c,3,acciAlter,1440,4,0,0.9861,0.178112,1.164223
details,0x040d,1,dotOffset,1440,8,6,0.9986,0.999778,2.298389
details,0x040d,2,stemAdjust,1440,4,0,0.9028,0.593872,1.496650
details,0x040d,3,beamAltPrimUpStem,1440,4,0,0.8431,0.364747,1.207803
details,0x0410,1,staffSize,1440,46,46,1.0000,1.000000,3.000000
details,0x0410,2,articAssign,1440,14,4,0.8472,0.039924,1.087146
details,0x0410,3,shapeNoteStyle,1440,44,12,0.3181,0.070491,0.988546
details,0x0413,1,fretboard,1440,990,990,1.0000,1.000000,3.000000
details,0x0413,2,shapeNoteStyle,1440,990,0,0.3111,0.974301,1.285412
details,0x0413,3,baselinesFingerboards,1440,394,0,0.3125,0.362498,0.674998
details,0x0414,1,gfhold,1440,1440,590,0.4097,0.791173,2.200895
details,0x0414,2,baselinesExprAboveStaff,1440,1440,36,0.0250,0.000000,1.025000
details,0x0414,3,baselinesExprBelowStaff,1440,1440,36,0.0250,-0.012937,1.012063
details,0x041b,1,lyricEntryInfo,1440,10,10,1.0000,1.000000,2.500000
details,0x041b,2,baselinesSysLyricsVerse,1440,4,2,0.9736,0.242434,1.316045
details,0x041b,3,hpTechniqueName,1440,4,0,0.9833,0.241291,1.224625
details,0x041e,1,midiExprs,1440,56,2,0.9625,0.951010,2.013510
details,0x041e,2,baselinesFingerboards,1440,54,10,0.7319,0.219639,1.451584
details,0x041e,3,articAssign,1440,18,8,0.8458,-0.006923,1.238910
details,0x041f,1,measNumbIndivPos,1440,34,34,1.0000,1.000000,3.000000
details,0x041f,2,baselinesFingerboards,1440,16,8,0.7194,0.024491,1.143935
details,0x041f,3,lyricEntryInfo,1440,4,2,0.9736,0.018442,1.092053
details,0x0421,1,staffGroup,1440,422,420,0.9986,0.972990,2.971601
details,0x0421,2,baselinesSysChords,1440,46,44,0.7333,0.197480,1.930813
details,0x0421,3,baselinesFingerboards,1440,156,140,0.6389,0.115386,1.754275
details,0x0422,1,noteAlter,1440,130,124,0.9917,0.999253,2.990920
details,0x0422,2,baselinesFingerboards,1440,64,22,0.6917,0.093596,1.785263
details,0x0422,3,staffGroup,1440,54,16,0.6611,0.078745,1.539856
details,0x0424,1,perfData,1440,162,10,0.8750,0.971762,2.346762
details,0x0424,2,entrySize,1440,8,0,0.8681,0.917721,1.785777
details,0x0424,3,tupletDef,1440,102,0,0.8097,0.541855,1.351577
details,0x0426,1,shapeNote,1440,1158,0,0.1958,0.999725,1.195558
details,0x0426,2,centerShape,1440,114,80,0.2319,-0.109528,1.122416
details,0x0426,3,tupletDef,1440,144,12,0.1750,-0.030106,0.744894
details,0x0427,1,shapeNoteStyle,1440,992,0,0.3111,1.000000,1.311111
details,0x0427,2,fretboard,1440,990,0,0.3111,0.974301,1.285412
details,0x0427,3,smartShapeEntryMark,1440,444,14,0.3125,0.195144,1.207644
details,0x0428,1,smartShapeEntryMark,1440,456,160,0.7944,0.863869,2.658313
details,0x0428,2,lyrDataVerse,1440,106,22,0.6986,0.564412,2.263024
details,0x0428,3,centerShape,1440,106,16,0.6694,0.313050,1.782495
details,0x042a,1,stemAdjust,1440,136,128,0.9722,0.889777,2.861999
details,0x042a,2,baselinesFingerboards,1440,158,14,0.7292,0.243558,1.672725
details,0x042a,3,tieAlterStart,1440,30,4,0.8639,0.539573,1.603462
details,0x042e,1,tieAlterEnd,1440,4,4,1.0000,1.000000,2.200000
details,0x042e,2,perfData,1440,4,0,0.8875,0.223943,1.111443
details,0x042e,3,tieAlterStart,1440,4,0,0.9569,0.089391,1.046335
details,0x042f,1,tieAlterStart,1440,62,60,0.9972,0.997465,2.994688
details,0x042f,2,stemAdjust,1440,32,6,0.8875,0.617361,1.804861
details,0x042f,3,baselinesFingerboards,1440,36,20,0.7208,0.073804,1.794637
details,0x0430,1,tupletDef,1440,186,161,0.9792,0.880238,2.859404
details,0x0430,2,entrySize,1440,8,0,0.8674,0.847141,1.714502
details,0x0430,3,perfData,1440,107,0,0.8292,0.787664,1.616831
details,0x0443,1,baselinesSysChords,1440,52,52,1.0000,1.000000,3.000000
details,0x0443,2,staffGroup,1440,46,44,0.7333,0.206634,1.939968
details,0x0443,3,baselinesChords,1440,52,38,0.0264,0.447519,1.473908
details,0x0449,1,baselinesSysLyricsVerse,1440,34,30,0.9972,0.971550,2.968773
details,0x0449,2,hpTechniqueName,1440,10,0,0.9708,0.529643,1.500476
details,0x0449,3,hpTechniqueFilter,1440,10,0,0.9708,0.529643,1.500476
details,0x0450,1,chordAssign,1440,142,118,0.9819,0.963520,2.945464
details,0x0450,2,perfData,1440,104,0,0.8611,0.411435,1.272546
details,0x0450,3,baselinesFingerboards,1440,106,2,0.7028,0.365503,1.168281
details,0x0451,1,percussionNoteCode,1440,46,24,0.9833,0.855252,2.838585
details,0x0451,2,perfData,1440,22,0,0.8694,0.014717,0.884161
details,0x0451,3,baselinesFingerboards,1440,24,0,0.7097,0.150593,0.860315
details,0x0452,1,lyrDataChorus,1440,8,8,1.0000,1.000000,2.400000
details,0x0452,2,lyrDataVerse,1440,8,0,0.9264,0.286430,1.212819
details,0x0452,3,baselinesSysLyricsVerse,1440,4,0,0.9736,0.088560,1.062171
details,0x0454,1,lyrDataVerse,1440,104,78,0.9806,0.924397,2.904953
details,0x0454,2,smartShapeEntryMark,1440,104,0,0.6833,0.773996,1.457330
details,0x0454,3,hpTechniqueName,1440,18,0,0.9278,0.501190,1.428968
details,0x0455,1,activeLyric,1440,23,23,1.0000,1.000000,3.000000
details,0x0455,2,baselinesSysChords,1440,6,6,0.9563,0.144340,1.400590
details,0x0455,3,baselinesFingerboards,1440,12,12,0.7271,0.070909,1.397993
others,0x0079,1,articDef,1382,944,938,0.9957,0.999995,2.995653
others,0x0079,2,fretStyle,1382,944,0,0.3169,0.984829,1.301761
others,0x0079,3,metaArtic,1382,938,0,0.3169,0.982038,1.298970
others,0x007a,1,measSpec,1382,1182,668,0.4834,0.680395,2.163753
others,0x007a,2,staffStyleAssign,1382,434,122,0.2113,0.590254,1.801542
others,0x007a,3,smartShapeMeasMark,1382,516,38,0.0738,0.254863,1.328669
others,0x007c,1,channelPlayData,1382,462,462,1.0000,1.000000,3.000000
others,0x007c,2,audioUnitInfo,1382,276,177,0.7938,0.620676,2.414453
others,0x007c,3,namePosFull,1382,418,128,0.3169,0.945447,2.262379
others,0x007d,1,shapeDef,1382,944,70,0.0507,0.976651,2.027302
others,0x007d,2,textExprDef,1382,944,16,0.2243,0.752222,1.776535
others,0x007d,3,playDumpText,1382,944,16,0.2243,0.752222,1.776535
others,0x007e,1,chordSuffixPlay,1382,944,944,1.0000,1.000000,3.000000
others,0x007e,2,shapeDef,1382,944,112,0.0810,0.977450,2.058492
others,0x007e,3,articDef,1382,944,0,0.3169,0.950995,1.267927
others,0x007f,1,drumStaff,1382,24,24,0.9551,0.015885,1.971022
others,0x007f,2,percMapRef,1382,24,24,0.9624,0.005564,1.967937
others,0x007f,3,finnamFilePath,1382,24,24,0.9624,0.005564,1.967937
others,0x0083,1,channelPlayData,1382,330,28,0.6498,0.617637,2.267420
others,0x0083,2,drumLibName,1382,380,378,0.7800,0.486364,2.266393
others,0x0083,3,percussionNoteInfo,1382,380,26,0.5253,0.520453,2.045779
others,0x0084,1,drumStaff,1382,56,48,0.9942,0.964593,2.958805
others,0x0084,2,percMapRef,1382,46,31,0.9819,0.961821,2.943731
others,0x0084,3,finnamFilePath,1382,46,31,0.9819,0.961821,2.943731
others,0x0085,1,drumStaff,1382,56,24,0.9580,0.662353,2.620385
others,0x0085,2,percMapRef,1382,46,24,0.9580,0.603646,2.561678
others,0x0085,3,finnamFilePath,1382,46,24,0.9580,0.603646,2.561678
others,0x0086,1,durAllot,1382,1382,1382,1.0000,1.000000,3.000000
others,0x0086,2,measSpec,1382,1382,28,0.0203,0.447662,1.467923
others,0x0086,3,staffStyle,1382,962,88,0.0637,0.359150,1.422825
others,0x0088,1,execShape,1382,944,944,1.0000,1.000000,3.000000
others,0x0088,2,metaStaffStyle,1382,934,572,0.7308,0.962896,2.693721
others,0x0088,3,staffStyle,1382,944,92,0.3705,0.957065,2.327543
others,0x008c,1,fretboardSymbol,1382,350,350,1.0000,1.000000,3.000000
others,0x008c,2,audioUnitInfo,1382,274,0,0.7453,0.852175,1.597472
others,0x008c,3,volumeValue,1382,272,0,0.7453,0.845562,1.590858
others,0x008d,1,layerAtts,1382,1382,734,0.5311,0.000000,1.531114
others,0x008d,2,textExpressionEnclosure,1382,940,144,0.1042,0.000000,1.104197
others,0x008d,3,pageTextAssign,1382,1078,122,0.0883,0.000000,1.088278
others,0x0090,1,fontName,1382,1382,438,0.3169,0.914013,2.230945
others,0x0090,2,metaClef,1382,1382,174,0.1259,0.712294,1.838199
others,0x0090,3,execShape,1382,944,43,0.0311,0.727116,1.758230
others,0x0092,1,frameSpec,1382,1382,513,0.3712,0.640218,2.011420
others,0x0092,2,markingsDialogList,1382,1033,36,0.0260,0.471349,1.497398
others,0x0092,3,measSpec,1382,1382,45,0.0326,0.433132,1.465693
others,0x0093,1,lockMeas,1382,1348,1348,1.0000,1.000000,3.000000
others,0x0093,2,staffSystemSpec,1382,1348,566,0.4096,0.758087,2.167639
others,0x0093,3,pageSpec,1382,1348,92,0.0666,0.517100,1.583670
others,0x0094,1,shapeDef,1382,932,40,0.0289,0.961217,1.990161
others,0x0094,2,metaTimeSig,1382,926,0,0.3256,0.973995,1.299610
others,0x0094,3,chordSuffixPlay,1382,932,0,0.3169,0.969427,1.286359
others,0x0095,1,fretInst,1382,944,944,1.0000,1.000000,3.000000
others,0x0095,2,metaKeySig,1382,926,308,0.5398,0.991314,2.531111
others,0x0095,3,metaDynam,1382,933,214,0.3980,0.970242,2.368216
others,0x0097,1,fretStyle,1382,944,944,1.0000,1.000000,3.000000
others,0x0097,2,pageTextAssign,1382,942,20,0.2330,0.414748,1.647744
others,0x0097,3,smartShapeMeasMark,1382,606,112,0.3647,0.229799,1.594488
others,0x009c,1,measNumbRegion,1382,328,188,0.5702,0.484264,2.054453
others,0x009c,2,keysAttrib,1382,402,172,0.4732,0.427435,1.900662
others,0x009c,3,markingsDialogList,1382,406,234,0.4190,0.339239,1.758197
others,0x009e,1,playDefs,1382,1382,1382,1.0000,0.000000,2.000000
others,0x009e,2,partGlobals,1382,1382,1382,1.0000,0.000000,2.000000
others,0x009e,3,moviePlayerState,1382,1382,1382,1.0000,0.000000,2.000000
others,0x009f,1,staffSystemSpec,1382,1382,238,0.1722,0.994595,2.166810
others,0x009f,2,lockMeas,1382,1348,296,0.2142,0.759821,1.974003
others,0x009f,3,metaRepeat,1382,932,180,0.1302,0.357449,1.487695
others,0x00a2,1,keysAttrib,1382,892,892,1.0000,1.000000,3.000000
others,0x00a2,2,timeUpper,1382,892,298,0.5456,0.858214,2.403801
others,0x00a2,3,audioUnitInfo,1382,274,272,0.5499,0.360160,1.910087
others,0x00a3,1,layerAtts,1382,1382,1382,1.0000,1.000000,3.000000
others,0x00a3,2,textExpressionEnclosure,1382,940,144,0.1042,0.638283,1.742480
others,0x00a3,3,pageTextAssign,1382,1078,122,0.0883,0.475919,1.564197
others,0x00a4,1,measNumbRegion,1382,700,700,1.0000,1.000000,3.000000
others,0x00a4,2,markingsDialogList,1382,657,607,0.6606,0.406166,2.066803
others,0x00a4,3,keysAttrib,1382,652,36,0.3459,0.548048,1.893923
others,0x00a5,1,metaArtic,1382,938,938,1.0000,1.000000,3.000000
others,0x00a5,2,fretInst,1382,938,2,0.3184,0.995571,1.413950
others,0x00a5,3,textRepeatText,1382,938,2,0.3111,0.962936,1.374079
others,0x00a6,1,metaChord,1382,10,10,1.0000,1.000000,2.500000
others,0x00a6,2,drumStaff,1382,10,10,0.9667,0.106539,1.573254
others,0x00a6,3,drumLayoutPmmRef,1382,10,10,0.9653,0.089066,1.554334
others,0x00a7,1,metaClef,1382,1382,1382,1.0000,1.000000,3.000000
others,0x00a7,2,fontName,1382,1382,58,0.0420,0.848369,1.890337
others,0x00a7,3,shapeExprDef,1382,963,124,0.0897,0.773526,1.863251
others,0x00a8,1,metaDynam,1382,1035,1035,1.0000,1.000000,3.000000
others,0x00a8,2,metaKeySig,1382,926,354,0.5072,0.977564,2.484800
others,0x00a8,3,fretInst,1382,933,214,0.3980,0.970242,2.368216
others,0x00a9,1,metaKeySig,1382,926,926,1.0000,1.000000,3.000000
others,0x00a9,2,fretInst,1382,926,308,0.5398,0.991314,2.531111
others,0x00a9,3,metaDynam,1382,926,354,0.5072,0.977564,2.484800
others,0x00aa,1,metaRepeat,1382,932,932,1.0000,1.000000,3.000000
others,0x00aa,2,textRepeatText,1382,932,906,0.9653,0.957599,2.922867
others,0x00aa,3,textRepeatDef,1382,932,906,0.9653,0.957599,2.922867
others,0x00ab,1,metaShape,1382,930,930,1.0000,1.000000,3.000000
others,0x00ab,2,fretInst,1382,930,22,0.3329,0.941036,2.273887
others,0x00ab,3,namePosFullStyle,1382,920,78,0.3647,0.896142,2.260831
others,0x00ac,1,metaStaffStyle,1382,934,934,1.0000,1.000000,3.000000
others,0x00ac,2,execShape,1382,934,572,0.7308,0.962896,2.693721
others,0x00ac,3,staffStyle,1382,934,90,0.3690,0.987534,2.356564
others,0x00ad,1,metaTimeSig,1382,926,926,1.0000,1.000000,3.000000
others,0x00ad,2,staffStyle,1382,926,176,0.4313,0.956752,2.388011
others,0x00ad,3,metaDynam,1382,926,158,0.3654,0.949239,2.314651
others,0x00af,1,mmRest,1382,16,16,1.0000,1.000000,2.800000
others,0x00af,2,tempoDef,1382,16,8,0.9436,0.398341,1.741901
others,0x00af,3,repeatStaffListScore,1382,8,8,0.9247,0.092163,1.416910
others,0x00b0,1,measSpec,1382,1382,1382,1.0000,1.000000,3.000000
others,0x00b0,2,frameSpec,1382,1382,81,0.0586,0.735567,1.794178
others,0x00b0,3,staffSystemSpec,1382,1382,440,0.3184,0.273900,1.592280
others,0x00b1,1,measExprAssign,1382,928,148,0.4342,0.691321,2.125475
others,0x00b1,2,staffSystemSpec,1382,930,332,0.2402,0.604851,1.845082
others,0x00b1,3,timeUpper,1382,812,100,0.3169,0.401495,1.718427
others,0x00b3,1,namePosFull,1382,1028,732,0.7554,0.979100,2.734527
others,0x00b3,2,namePosAbbrv,1382,1028,732,0.7554,0.979100,2.734527
others,0x00b3,3,playbackRouteName,1382,1070,666,0.4819,0.957831,2.439742
others,0x00b4,1,namePosFullStyle,1382,946,894,0.9624,0.998771,2.961145
others,0x00b4,2,namePosAbbrvStyle,1382,946,894,0.9624,0.998771,2.961145
others,0x00b4,3,metaRepeat,1382,920,190,0.4443,0.914167,2.358451
others,0x00b5,1,namePosFull,1382,1028,732,0.7554,0.979100,2.734527
others,0x00b5,2,namePosAbbrv,1382,1028,732,0.7554,0.979100,2.734527
others,0x00b5,3,playbackRouteName,1382,1070,666,0.4819,0.957831,2.439742
others,0x00b6,1,namePosFullStyle,1382,946,894,0.9624,0.998771,2.961145
others,0x00b6,2,namePosAbbrvStyle,1382,946,894,0.9624,0.998771,2.961145
others,0x00b6,3,metaRepeat,1382,920,190,0.4443,0.914167,2.358451
others,0x00b7,1,textBlock,1382,1382,436,0.3155,0.999851,2.315335
others,0x00b7,2,playbackRouteName,1382,1382,294,0.2127,0.262230,1.474965
others,0x00b7,3,playbackRoute,1382,1382,294,0.2127,0.262230,1.474965
others,0x00b9,1,drumLibName,1382,682,20,0.0145,0.314489,1.328961
others,0x00b9,2,viSetup,1382,1356,134,0.0970,0.072186,1.169147
others,0x00b9,3,playDefs,1382,1382,134,0.0970,0.000000,1.096961
others,0x00ba,1,textBlock,1382,1382,294,0.2127,0.788929,2.001665
others,0x00ba,2,fontName,1382,1382,438,0.3169,0.590873,1.907805
others,0x00ba,3,timeUpper,1382,926,42,0.0304,0.823429,1.853819
others,0x00bb,1,pageSpec,1382,1382,1382,1.0000,1.000000,3.000000
others,0x00bb,2,partDef,1382,1382,1286,0.9305,0.011177,1.941712
others,0x00bb,3,playDefs,1382,1382,1288,0.9320,0.000000,1.931983
others,0x00be,1,playDefs,1382,1382,1382,1.0000,0.000000,2.000000
others,0x00be,2,partGlobals,1382,1382,1382,1.0000,0.000000,2.000000
others,0x00be,3,moviePlayerState,1382,1382,1382,1.0000,0.000000,2.000000
others,0x00bf,1,playDumpShape,1382,779,715,0.9522,0.992739,2.944982
others,0x00bf,2,shapeExprDef,1382,779,154,0.4146,0.894792,2.309408
others,0x00bf,3,metaRepeat,1382,753,94,0.3748,0.622127,1.996946
others,0x00c0,1,textExprDef,1382,1088,1026,0.9551,0.999982,2.955119
others,0x00c0,2,playDumpText,1382,1088,1026,0.9551,0.999982,2.955119
others,0x00c0,3,namePosFullStyle,1382,946,4,0.2156,0.872424,1.288054
others,0x00c2,1,keysAttrib,1382,890,728,0.7453,0.513944,2.259240
others,0x00c2,2,markingsDialogList,1382,1031,292,0.4298,0.486019,1.915831
others,0x00c2,3,timeUpper,1382,924,172,0.3430,0.554259,1.897240
others,0x00cb,1,repeatBack,1382,262,262,1.0000,1.000000,3.000000
others,0x00cb,2,tempoDef,1382,86,86,0.8726,0.034952,1.907601
others,0x00cb,3,repeatStaffListScore,1382,94,94,0.8712,0.022330,1.893531
others,0x00cc,1,repeatPassList,1382,12,12,1.0000,1.000000,2.600000
others,0x00cc,2,repeatEndingStart,1382,12,12,1.0000,1.000000,2.600000
others,0x00cc,3,textRepeatAssign,1382,4,4,0.9870,0.273876,1.460852
others,0x00ce,1,repeatPassList,1382,12,12,1.0000,1.000000,2.600000
others,0x00ce,2,repeatEndingStart,1382,12,12,1.0000,1.000000,2.600000
others,0x00ce,3,textRepeatAssign,1382,4,4,0.9870,0.273876,1.460852
others,0x00d4,1,separatesTextRepeat,1382,4,4,1.0000,1.000000,2.200000
others,0x00d4,2,textRepeatAssign,1382,4,4,0.9928,0.238965,1.431729
others,0x00d4,3,multiStaffInstGroup,1382,4,4,0.9074,0.161770,1.269151
others,0x00d5,1,shapeList,1382,1382,1382,1.0000,1.000000,3.000000
others,0x00d5,2,shapeData,1382,1382,1382,1.0000,1.000000,3.000000
others,0x00d5,3,shapeDef,1382,1382,442,0.3198,0.917567,2.237393
others,0x00d6,1,shapeDef,1382,1382,1382,1.0000,1.000000,3.000000
others,0x00d6,2,shapeList,1382,1382,442,0.3198,0.917567,2.237393
others,0x00d6,3,shapeData,1382,1382,442,0.3198,0.917567,2.237393
others,0x00d7,1,shapeList,1382,1382,1382,1.0000,1.000000,3.000000
others,0x00d7,2,shapeData,1382,1382,1382,1.0000,1.000000,3.000000
others,0x00d7,3,shapeDef,1382,1382,442,0.3198,0.917567,2.237393
others,0x00d9,1,smartShape,1382,652,650,0.9986,0.999887,2.998440
others,0x00d9,2,smartShapeMeasMark,1382,652,466,0.8654,0.954701,2.820113
others,0x00d9,3,measNumbRegion,1382,536,28,0.4298,0.357140,1.786952
others,0x00da,1,smartShapeMeasMark,1382,652,192,0.6671,0.823259,2.490409
others,0x00da,2,smartShape,1382,652,162,0.6454,0.708059,2.353501
others,0x00da,3,measNumbRegion,1382,536,162,0.5268,0.388348,1.915120
others,0x00db,1,drumLayoutPmmRef,1382,56,34,0.8857,0.386267,2.271940
others,0x00db,2,channelPlayData,1382,100,62,0.6454,0.040859,1.686300
others,0x00db,3,drumStaff,1382,32,10,0.8524,0.326783,1.679171
others,0x00de,1,ssLineStyle,1382,1382,1382,1.0000,1.000000,3.000000
others,0x00de,2,shapeList,1382,1382,412,0.2981,0.921081,2.219199
others,0x00de,3,shapeData,1382,1382,412,0.2981,0.921081,2.219199
others,0x00df,1,staffSystemSpec,1382,1382,1382,1.0000,1.000000,3.000000
others,0x00df,2,lockMeas,1382,1348,566,0.4096,0.758087,2.167639
others,0x00df,3,pageSpec,1382,1382,220,0.1592,0.728342,1.887532
others,0x00e1,1,repeatStaffListScore,1382,104,104,1.0000,1.000000,3.000000
others,0x00e1,2,repeatStaffListParts,1382,104,104,1.0000,1.000000,3.000000
others,0x00e1,3,repeatStaffListName,1382,104,104,1.0000,1.000000,3.000000
others,0x00e2,1,repeatStaffListScore,1382,104,104,1.0000,1.000000,3.000000
others,0x00e2,2,repeatStaffListParts,1382,104,104,1.0000,1.000000,3.000000
others,0x00e2,3,repeatStaffListName,1382,104,104,1.0000,1.000000,3.000000
others,0x00e4,1,repeatStaffListScore,1382,104,104,1.0000,1.000000,3.000000
others,0x00e4,2,repeatStaffListParts,1382,104,104,1.0000,1.000000,3.000000
others,0x00e4,3,repeatStaffListName,1382,104,104,1.0000,1.000000,3.000000
others,0x00e6,1,staffPlayData,1382,1382,1026,0.7424,0.976446,2.718849
others,0x00e6,2,playbackRouteName,1382,1382,772,0.5586,0.963609,2.522219
others,0x00e6,3,playbackRoute,1382,1382,772,0.5586,0.963609,2.522219
others,0x00e7,1,staffSpec,1382,1382,1024,0.7410,0.979218,2.720173
others,0x00e7,2,channelPlayData,1382,462,22,0.0159,0.951667,1.967586
others,0x00e7,3,staffPlayData,1382,1382,26,0.0188,0.942946,1.961760
others,0x00e8,1,metaStaffStyle,1382,934,506,0.6700,0.987287,2.657330
others,0x00e8,2,execShape,1382,944,166,0.4240,0.956219,2.380242
others,0x00e8,3,namePosFullStyle,1382,946,16,0.3155,0.920371,2.035856
others,0x00e9,1,namePosFull,1382,464,362,0.5181,0.895262,2.413352
others,0x00e9,2,namePosAbbrv,1382,464,362,0.5181,0.895262,2.413352
others,0x00e9,3,channelPlayData,1382,216,72,0.5384,0.826381,2.364731
others,0x00eb,1,shapeExprDef,1382,963,869,0.9320,0.999237,2.931220
others,0x00eb,2,playDumpShape,1382,781,156,0.4161,0.893466,2.309529
others,0x00eb,3,metaShape,1382,930,98,0.3741,0.713117,2.087212
others,0x00ee,1,timeUpper,1382,926,926,1.0000,1.000000,3.000000
others,0x00ee,2,keysAttrib,1382,892,298,0.5456,0.858214,2.403801
others,0x00ee,3,measExprAssign,1382,810,30,0.2663,0.369525,1.635806
others,0x00f0,1,tempoDef,1382,86,86,1.0000,1.000000,3.000000
others,0x00f0,2,repeatStaffListScore,1382,78,78,0.9754,0.751470,2.726868
others,0x00f0,3,repeatStaffListParts,1382,78,78,0.9754,0.751470,2.726868
others,0x00f1,1,textExprDef,1382,1088,1026,0.9551,0.999982,2.955119
others,0x00f1,2,playDumpText,1382,1088,1026,0.9551,0.999982,2.955119
others,0x00f1,3,namePosFullStyle,1382,946,4,0.2156,0.872424,1.288054
others,0x00f2,1,textExpressionEnclosure,1382,940,936,0.9971,0.999968,2.997074
others,0x00f2,2,metaTimeSig,1382,926,462,0.6541,0.586073,2.240198
others,0x00f2,3,staffStyle,1382,940,68,0.3531,0.738575,2.091686
others,0x00f3,1,textRepeatAssign,1382,14,14,1.0000,1.000000,2.700000
others,0x00f3,2,repeatPassList,1382,4,4,0.9870,0.273876,1.460852
others,0x00f3,3,repeatEndingStart,1382,4,4,0.9870,0.273876,1.460852
others,0x00f4,1,textRepeatText,1382,954,954,1.0000,1.000000,3.000000
others,0x00f4,2,textRepeatDef,1382,954,954,1.0000,1.000000,3.000000
others,0x00f4,3,metaRepeat,1382,932,906,0.9653,0.957599,2.922867
others,0x00f6,1,textRepeatText,1382,954,954,1.0000,1.000000,3.000000
others,0x00f6,2,textRepeatDef,1382,954,954,1.0000,1.000000,3.000000
others,0x00f6,3,metaRepeat,1382,932,906,0.9653,0.957599,2.922867
others,0x00f7,1,keysAttrib,1382,868,742,0.7757,0.637981,2.413669
others,0x00f7,2,markingsDialogList,1382,1004,124,0.3249,0.850984,2.175875
others,0x00f7,3,timeUpper,1382,880,152,0.3329,0.609258,1.942109
others,0x0112,1,viSetup,1382,1356,1356,1.0000,1.000000,3.000000
others,0x0112,2,partDef,1382,1356,1353,0.9790,0.006426,1.985442
others,0x0112,3,playDefs,1382,1356,1356,0.9812,0.000000,1.981187
others,0x0114,1,vstInfo,1382,3,2,0.9971,0.543168,1.640274
others,0x0114,2,multiStaffInstGroup,1382,3,1,0.9052,0.168570,1.123780
others,0x0114,3,multiStaffGroupID,1382,3,1,0.9052,0.168570,1.123780
others,0x0115,1,audioUnitInfo,1382,276,276,1.0000,1.000000,3.000000
others,0x0115,2,channelPlayData,1382,276,177,0.7938,0.620676,2.414453
others,0x0115,3,keysAttrib,1382,274,272,0.5499,0.360160,1.910087
others,0x0116,1,vstInfo,1382,6,6,1.0000,1.000000,2.300000
others,0x0116,2,multiStaffInstGroup,1382,6,3,0.9067,0.248575,1.305232
others,0x0116,3,multiStaffGroupID,1382,6,3,0.9067,0.248575,1.305232
others,0x011a,1,partDef,1382,1382,1382,1.0000,1.000000,3.000000
others,0x011a,2,playDefs,1382,1382,1379,0.9978,0.000000,1.997829
others,0x011a,3,partGlobals,1382,1382,1379,0.9978,0.000000,1.997829
others,0x011b,1,markingsDialogList,1382,22,22,0.2685,0.073927,1.342379
others,0x011b,2,namePosFull,1382,22,22,0.2721,-0.026277,1.245792
others,0x011b,3,namePosAbbrv,1382,22,22,0.2721,-0.026277,1.245792
others,0x0122,1,playDefs,1382,1382,1382,1.0000,0.000000,2.000000
others,0x0122,2,partGlobals,1382,1382,1382,1.0000,0.000000,2.000000
others,0x0122,3,moviePlayerState,1382,1382,1382,1.0000,0.000000,2.000000
others,0x012c,1,keysAttrib,1382,888,888,0.8922,0.770310,2.662496
others,0x012c,2,timeUpper,1382,891,294,0.4399,0.630708,2.070650
others,0x012c,3,audioUnitInfo,1382,274,272,0.4479,0.279453,1.727354
others,0x012d,1,markingsCategoryName,1382,1078,1078,0.7800,0.611458,2.391487
others,0x012d,2,markingsCategory,1382,1078,1078,0.7800,0.611458,2.391487
others,0x012d,3,fretStyle,1382,942,352,0.4732,0.746671,2.219899
others,0x012e,1,markingsCategoryName,1382,1078,1078,0.7800,0.611458,2.391487
others,0x012e,2,markingsCategory,1382,1078,1078,0.7800,0.611458,2.391487
others,0x012e,3,fretStyle,1382,942,352,0.4732,0.746671,2.219899
others,0x0130,1,pageTextAssign,1382,1076,270,0.4139,0.601482,2.015375
others,0x0130,2,namePosFullStyle,1382,944,94,0.2865,0.704779,1.991321
others,0x0130,3,namePosAbbrvStyle,1382,944,94,0.2865,0.704779,1.991321
others,0x0132,1,pageTextAssign,1382,1076,270,0.4139,0.601482,2.015375
others,0x0132,2,namePosFullStyle,1382,944,94,0.2865,0.704779,1.991321
others,0x0132,3,namePosAbbrvStyle,1382,944,94,0.2865,0.704779,1.991321
others,0x0139,1,channelPlayData,1382,330,28,0.6512,0.621212,2.272442
others,0x0139,2,drumLibName,1382,378,378,0.7800,0.482374,2.262403
others,0x0139,3,percussionNoteInfo,1382,378,26,0.5253,0.516688,2.042014
others,0x013a,1,percMapRef,1382,46,46,1.0000,1.000000,3.000000
others,0x013a,2,finnamFilePath,1382,46,46,1.0000,1.000000,3.000000
others,0x013a,3,finnamFileDesc,1382,46,46,1.0000,1.000000,3.000000
others,0x013b,1,volumeValue,1382,274,274,1.0000,1.000000,3.000000
others,0x013b,2,metaRepeat,1382,274,274,0.5239,0.338374,1.862252
others,0x013b,3,smartShapeMeasMark,1382,218,24,0.5051,0.356535,1.861600
others,0x013c,1,bypassFxValue,1382,274,274,1.0000,1.000000,3.000000
others,0x013c,2,volumeValue,1382,274,0,0.8017,1.000000,1.801737
others,0x013c,3,audioUnitInfo,1382,274,0,0.8003,0.991494,1.791784
others,0x013d,1,percMapRef,1382,46,46,1.0000,1.000000,3.000000
others,0x013d,2,finnamFilePath,1382,46,46,1.0000,1.000000,3.000000
others,0x013d,3,finnamFileDesc,1382,46,46,1.0000,1.000000,3.000000
others,0x013e,1,percMapRef,1382,46,46,1.0000,1.000000,3.000000
others,0x013e,2,finnamFilePath,1382,46,46,1.0000,1.000000,3.000000
others,0x013e,3,finnamFileDesc,1382,46,46,1.0000,1.000000,3.000000
others,0x0141,1,drumLayoutPmmRef,1382,56,56,0.9986,0.998960,2.997513
others,0x0141,2,drumStaff,1382,32,10,0.9493,0.970051,2.419400
others,0x0141,3,percMapRef,1382,22,0,0.9421,0.975211,1.917324
